{
    "root_group": {
        "name": "",
        "path": "",
        "id": "d41d8cd98f00b204e9800998ecf8427e",
        "groups": {},
        "checks": {
                "creator detail smoke returns 200": {
                    "path": "::creator detail smoke returns 200",
                    "id": "5fcb29493f667991a7c97790db1559e6",
                    "passes": 46,
                    "fails": 0,
                    "name": "creator detail smoke returns 200"
                }
            }
    },
    "metrics": {
        "vus_max": {
            "value": 5,
            "min": 5,
            "max": 5
        },
        "http_req_tls_handshaking": {
            "avg": 10.174347826086956,
            "min": 0,
            "med": 0,
            "max": 169.161,
            "p(90)": 32.54600000000006,
            "p(95)": 74.4755
        },
        "http_req_duration": {
            "avg": 501.71576086956526,
            "min": 328.125,
            "med": 530.794,
            "max": 852.995,
            "p(90)": 651.126,
            "p(95)": 708.848,
            "thresholds": {
                "p(95)<1000": false
            }
        },
        "iteration_duration": {
            "p(90)": 1707.572042,
            "p(95)": 1825.1307182499997,
            "avg": 1524.2438387826085,
            "min": 1332.20525,
            "med": 1552.4756670000002,
            "max": 1945.0585
        },
        "vus": {
            "value": 2,
            "min": 0,
            "max": 5
        },
        "http_req_sending": {
            "min": 0.055,
            "med": 0.105,
            "max": 0.861,
            "p(90)": 0.2585,
            "p(95)": 0.277,
            "avg": 0.1405652173913044
        },
        "iterations": {
            "count": 46,
            "rate": 1.5176267563931594
        },
        "data_sent": {
            "count": 28830,
            "rate": 951.1560736264083
        },
        "http_req_blocked": {
            "max": 226.842,
            "p(90)": 58.60500000000012,
            "p(95)": 126.496,
            "avg": 15.799695652173899,
            "min": 0,
            "med": 0.001
        },
        "checks": {
            "passes": 46,
            "fails": 0,
            "value": 1
        },
        "http_req_failed": {
            "passes": 0,
            "fails": 46,
            "thresholds": {
                "rate<0.01": false
            },
            "value": 0
        },
        "data_received": {
            "count": 7659643,
            "rate": 252706.06872216452
        },
        "http_req_duration{expected_response:true}": {
            "max": 852.995,
            "p(90)": 651.126,
            "p(95)": 708.848,
            "avg": 501.71576086956526,
            "min": 328.125,
            "med": 530.794
        },
        "http_req_receiving": {
            "p(90)": 314.4275,
            "p(95)": 342.90574999999995,
            "avg": 166.28560869565214,
            "min": 18.404,
            "med": 149.2835,
            "max": 520.572
        },
        "http_req_connecting": {
            "med": 0,
            "max": 56.322,
            "p(90)": 23.152000000000047,
            "p(95)": 49.07574999999999,
            "avg": 5.47745652173913,
            "min": 0
        },
        "http_reqs": {
            "count": 46,
            "rate": 1.5176267563931594
        },
        "http_req_waiting": {
            "p(95)": 359.38624999999996,
            "avg": 335.2895869565217,
            "min": 296.532,
            "med": 321.1545,
            "max": 709.735,
            "p(90)": 356.2955
        }
    }
}