{
    "root_group": {
        "path": "",
        "id": "d41d8cd98f00b204e9800998ecf8427e",
        "groups": {},
        "checks": {
                "creator detail smoke returns 200": {
                    "name": "creator detail smoke returns 200",
                    "path": "::creator detail smoke returns 200",
                    "id": "5fcb29493f667991a7c97790db1559e6",
                    "passes": 45,
                    "fails": 0
                }
            },
        "name": ""
    },
    "metrics": {
        "http_req_receiving": {
            "avg": 179.13228888888887,
            "min": 55.599,
            "med": 117.156,
            "max": 392.758,
            "p(90)": 321.7916,
            "p(95)": 352.5832
        },
        "data_received": {
            "count": 6517688,
            "rate": 209155.49314891512
        },
        "http_req_duration": {
            "p(95)": 702.1909999999999,
            "avg": 537.7282666666666,
            "min": 373.472,
            "med": 505.563,
            "max": 781.218,
            "p(90)": 687.3156,
            "thresholds": {
                "p(95)<1000": false
            }
        },
        "http_reqs": {
            "count": 45,
            "rate": 1.4440699204535687
        },
        "http_req_blocked": {
            "avg": 15.541622222222212,
            "min": 0,
            "med": 0,
            "max": 174.559,
            "p(90)": 62.4958000000001,
            "p(95)": 132.65519999999995
        },
        "http_req_connecting": {
            "avg": 5.035177777777778,
            "min": 0,
            "med": 0,
            "max": 76.937,
            "p(90)": 15.688800000000025,
            "p(95)": 42.199199999999976
        },
        "http_req_waiting": {
            "med": 352.26,
            "max": 440.081,
            "p(90)": 400.9102,
            "p(95)": 403.7808,
            "avg": 358.53035555555556,
            "min": 309.077
        },
        "http_req_sending": {
            "min": 0.036,
            "med": 0.063,
            "max": 0.124,
            "p(90)": 0.078,
            "p(95)": 0.10239999999999999,
            "avg": 0.06562222222222225
        },
        "checks": {
            "passes": 45,
            "fails": 0,
            "value": 1
        },
        "vus": {
            "value": 1,
            "min": 0,
            "max": 5
        },
        "iterations": {
            "rate": 1.4440699204535687,
            "count": 45
        },
        "data_sent": {
            "count": 31578,
            "rate": 1013.3519988462843
        },
        "iteration_duration": {
            "avg": 1554.406024911111,
            "min": 1374.649875,
            "med": 1523.23375,
            "max": 1956.88175,
            "p(90)": 1693.7930914,
            "p(95)": 1745.8791164
        },
        "http_req_failed": {
            "fails": 45,
            "passes": 0,
            "thresholds": {
                "rate<0.01": false
            },
            "value": 0
        },
        "vus_max": {
            "value": 5,
            "min": 5,
            "max": 5
        },
        "http_req_duration{expected_response:true}": {
            "p(95)": 702.1909999999999,
            "avg": 537.7282666666666,
            "min": 373.472,
            "med": 505.563,
            "max": 781.218,
            "p(90)": 687.3156
        },
        "http_req_tls_handshaking": {
            "max": 122.614,
            "p(90)": 46.747800000000076,
            "p(95)": 89.88059999999997,
            "avg": 10.442400000000001,
            "min": 0,
            "med": 0
        }
    }
}