{
    "metrics": {
        "data_sent": {
            "count": 41286,
            "rate": 1312.6408785480028
        },
        "http_req_duration{expected_response:true}": {
            "p(90)": 764.2116,
            "p(95)": 947.2764999999996,
            "avg": 832.5524210526315,
            "min": 483.854,
            "med": 624.1700000000001,
            "max": 7869.997
        },
        "http_req_waiting": {
            "min": 317.665,
            "med": 343.6075,
            "max": 993.999,
            "p(90)": 371.77410000000003,
            "p(95)": 404.75489999999996,
            "avg": 362.9056842105263
        },
        "data_received": {
            "count": 10372464,
            "rate": 329780.56139290635
        },
        "http_req_sending": {
            "p(95)": 0.33354999999999996,
            "avg": 0.14021052631578948,
            "min": 0.058,
            "med": 0.1055,
            "max": 0.526,
            "p(90)": 0.24550000000000002
        },
        "http_req_failed": {
            "passes": 0,
            "fails": 38,
            "thresholds": {
                "rate<0.01": false
            },
            "value": 0
        },
        "vus_max": {
            "min": 5,
            "max": 5,
            "value": 5
        },
        "vus": {
            "min": 0,
            "max": 5,
            "value": 1
        },
        "http_reqs": {
            "count": 38,
            "rate": 1.2081662884470308
        },
        "iterations": {
            "count": 38,
            "rate": 1.2081662884470308
        },
        "http_req_receiving": {
            "p(95)": 606.1803499999996,
            "avg": 469.5065263157895,
            "min": 133.154,
            "med": 300.7725,
            "max": 6875.667,
            "p(90)": 411.23490000000004
        },
        "iteration_duration": {
            "med": 1640.966271,
            "max": 9004.483542,
            "p(90)": 1802.5292036,
            "p(95)": 2048.6136374999996,
            "avg": 1851.0641895789477,
            "min": 1500.4905
        },
        "http_req_connecting": {
            "avg": 6.047868421052631,
            "min": 0,
            "med": 0,
            "max": 49.783,
            "p(90)": 40.9878,
            "p(95)": 48.5148
        },
        "http_req_tls_handshaking": {
            "med": 0,
            "max": 84.706,
            "p(90)": 72.76960000000001,
            "p(95)": 81.6925,
            "avg": 10.49742105263158,
            "min": 0
        },
        "checks": {
            "passes": 38,
            "fails": 0,
            "value": 1
        },
        "http_req_duration": {
            "min": 483.854,
            "med": 624.1700000000001,
            "max": 7869.997,
            "p(90)": 764.2116,
            "p(95)": 947.2764999999996,
            "avg": 832.5524210526315,
            "thresholds": {
                "p(95)<900": true
            }
        },
        "http_req_blocked": {
            "p(95)": 130.71044999999998,
            "avg": 16.847131578947355,
            "min": 0,
            "med": 0.001,
            "max": 133.429,
            "p(90)": 120.51020000000001
        }
    },
    "root_group": {
        "path": "",
        "id": "d41d8cd98f00b204e9800998ecf8427e",
        "groups": {},
        "checks": {
                "listing newest smoke returns 200": {
                    "path": "::listing newest smoke returns 200",
                    "id": "e911d3bbbbab639702d47ed4a31c6f15",
                    "passes": 38,
                    "fails": 0,
                    "name": "listing newest smoke returns 200"
                }
            },
        "name": ""
    }
}