{
    "metrics": {
        "http_req_sending": {
            "min": 0.052,
            "med": 0.1,
            "max": 0.422,
            "p(90)": 0.17679999999999998,
            "p(95)": 0.19899999999999998,
            "avg": 0.11495348837209306
        },
        "http_req_duration": {
            "avg": 557.8130930232558,
            "min": 350.73,
            "med": 561.801,
            "max": 752.539,
            "p(90)": 705.5202,
            "p(95)": 718.0521,
            "thresholds": {
                "p(95)<1000": false
            }
        },
        "vus": {
            "min": 0,
            "max": 5,
            "value": 2
        },
        "vus_max": {
            "value": 5,
            "min": 5,
            "max": 5
        },
        "http_req_tls_handshaking": {
            "med": 0,
            "max": 99.302,
            "p(90)": 58.45600000000006,
            "p(95)": 77.23819999999999,
            "avg": 9.513511627906976,
            "min": 0
        },
        "http_req_connecting": {
            "avg": 5.167255813953489,
            "min": 0,
            "med": 0,
            "max": 48.728,
            "p(90)": 29.992000000000036,
            "p(95)": 45.7883
        },
        "checks": {
            "passes": 43,
            "fails": 0,
            "value": 1
        },
        "data_sent": {
            "count": 42211,
            "rate": 1405.73307709479
        },
        "http_req_duration{expected_response:true}": {
            "p(95)": 718.0521,
            "avg": 557.8130930232558,
            "min": 350.73,
            "med": 561.801,
            "max": 752.539,
            "p(90)": 705.5202
        },
        "iteration_duration": {
            "avg": 1573.9908915581395,
            "min": 1352.034584,
            "med": 1573.176084,
            "max": 1852.553,
            "p(90)": 1718.6657002,
            "p(95)": 1752.2963875
        },
        "http_req_failed": {
            "passes": 0,
            "fails": 43,
            "thresholds": {
                "rate<0.01": false
            },
            "value": 0
        },
        "http_reqs": {
            "rate": 1.4320087729519786,
            "count": 43
        },
        "http_req_blocked": {
            "max": 145.562,
            "p(90)": 93.18440000000011,
            "p(95)": 125.6023,
            "avg": 14.774232558139527,
            "min": 0,
            "med": 0.001
        },
        "http_req_receiving": {
            "avg": 209.75141860465115,
            "min": 29.128,
            "med": 149.979,
            "max": 373.499,
            "p(90)": 359.4138,
            "p(95)": 362.4043
        },
        "http_req_waiting": {
            "avg": 347.9467209302327,
            "min": 316.617,
            "med": 345.906,
            "max": 448.4,
            "p(90)": 368.48139999999995,
            "p(95)": 391.42169999999993
        },
        "iterations": {
            "count": 43,
            "rate": 1.4320087729519786
        },
        "data_received": {
            "rate": 375885.9846603886,
            "count": 11287010
        }
    },
    "root_group": {
        "name": "",
        "path": "",
        "id": "d41d8cd98f00b204e9800998ecf8427e",
        "groups": {},
        "checks": {
                "listing recommended smoke returns 200": {
                    "name": "listing recommended smoke returns 200",
                    "path": "::listing recommended smoke returns 200",
                    "id": "492bb390658307cbeb1e7349b28a74af",
                    "passes": 43,
                    "fails": 0
                }
            }
    }
}