{
    "metrics": {
        "http_reqs": {
            "count": 42,
            "rate": 1.3564489896538146
        },
        "checks": {
            "passes": 42,
            "fails": 0,
            "value": 1
        },
        "http_req_waiting": {
            "avg": 355.72538095238093,
            "min": 326.706,
            "med": 350.7795,
            "max": 418.793,
            "p(90)": 379.1771,
            "p(95)": 389.67735
        },
        "vus_max": {
            "value": 5,
            "min": 5,
            "max": 5
        },
        "http_req_sending": {
            "med": 0.081,
            "max": 0.276,
            "p(90)": 0.1471,
            "p(95)": 0.18049999999999997,
            "avg": 0.09504761904761906,
            "min": 0.026
        },
        "data_received": {
            "count": 9321987,
            "rate": 301066.663040857
        },
        "data_sent": {
            "count": 37114,
            "rate": 1198.6487571907542
        },
        "http_req_connecting": {
            "avg": 4.984285714285714,
            "min": 0,
            "med": 0,
            "max": 63.343,
            "p(90)": 19.03680000000002,
            "p(95)": 34.50009999999999
        },
        "iteration_duration": {
            "min": 1433.283292,
            "med": 1683.306,
            "max": 1996.625458,
            "p(90)": 1797.0887164,
            "p(95)": 1853.7825725999999,
            "avg": 1662.100222166666
        },
        "iterations": {
            "count": 42,
            "rate": 1.3564489896538146
        },
        "http_req_receiving": {
            "avg": 282.302119047619,
            "min": 96.987,
            "med": 311.5275,
            "max": 580.027,
            "p(90)": 413.4539,
            "p(95)": 459.08865000000003
        },
        "vus": {
            "max": 5,
            "value": 1,
            "min": 0
        },
        "http_req_duration{expected_response:true}": {
            "avg": 638.1225476190476,
            "min": 432.036,
            "med": 658.4645,
            "max": 948.548,
            "p(90)": 789.1813000000001,
            "p(95)": 826.2623
        },
        "http_req_blocked": {
            "min": 0,
            "med": 0.001,
            "max": 275.615,
            "p(90)": 108.3583000000001,
            "p(95)": 175.6614499999999,
            "avg": 21.381738095238088
        },
        "http_req_failed": {
            "passes": 0,
            "fails": 42,
            "thresholds": {
                "rate<0.01": false
            },
            "value": 0
        },
        "http_req_duration": {
            "max": 948.548,
            "p(90)": 789.1813000000001,
            "p(95)": 826.2623,
            "avg": 638.1225476190476,
            "min": 432.036,
            "med": 658.4645,
            "thresholds": {
                "p(95)<900": false
            }
        },
        "http_req_tls_handshaking": {
            "p(90)": 82.55250000000008,
            "p(95)": 113.48384999999996,
            "avg": 16.32352380952381,
            "min": 0,
            "med": 0,
            "max": 214.078
        }
    },
    "root_group": {
        "path": "",
        "id": "d41d8cd98f00b204e9800998ecf8427e",
        "groups": {},
        "checks": {
                "listing newest smoke returns 200": {
                    "name": "listing newest smoke returns 200",
                    "path": "::listing newest smoke returns 200",
                    "id": "e911d3bbbbab639702d47ed4a31c6f15",
                    "passes": 42,
                    "fails": 0
                }
            },
        "name": ""
    }
}