{
    "metrics": {
        "http_req_waiting": {
            "avg": 374.8093,
            "min": 322.162,
            "med": 349.24850000000004,
            "max": 1093.582,
            "p(90)": 385.3668,
            "p(95)": 434.63829999999996
        },
        "http_req_sending": {
            "avg": 0.1232,
            "min": 0.034,
            "med": 0.086,
            "max": 0.741,
            "p(90)": 0.16690000000000002,
            "p(95)": 0.2122999999999995
        },
        "iteration_duration": {
            "med": 1615.1435205,
            "max": 2691.150458,
            "p(90)": 1846.9262128,
            "p(95)": 1933.1920339499998,
            "avg": 1678.08056775,
            "min": 1360.454917
        },
        "http_req_duration": {
            "avg": 659.9831500000001,
            "min": 360.123,
            "med": 608.018,
            "max": 1558.987,
            "p(90)": 825.4128,
            "p(95)": 848.7485999999998,
            "thresholds": {
                "p(95)<900": false
            }
        },
        "vus_max": {
            "value": 5,
            "min": 5,
            "max": 5
        },
        "iterations": {
            "count": 40,
            "rate": 1.3192635198207965
        },
        "http_req_duration{expected_response:true}": {
            "med": 608.018,
            "max": 1558.987,
            "p(90)": 825.4128,
            "p(95)": 848.7485999999998,
            "avg": 659.9831500000001,
            "min": 360.123
        },
        "http_req_failed": {
            "passes": 0,
            "fails": 40,
            "thresholds": {
                "rate<0.01": false
            },
            "value": 0
        },
        "vus": {
            "value": 1,
            "min": 0,
            "max": 5
        },
        "http_reqs": {
            "rate": 1.3192635198207965,
            "count": 40
        },
        "http_req_blocked": {
            "avg": 16.98574999999999,
            "min": 0,
            "med": 0.001,
            "max": 145.72,
            "p(90)": 128.9424,
            "p(95)": 134.0238
        },
        "http_req_tls_handshaking": {
            "p(95)": 92.3191,
            "avg": 11.353625,
            "min": 0,
            "med": 0,
            "max": 101.369,
            "p(90)": 82.04560000000001
        },
        "http_req_receiving": {
            "med": 260.072,
            "max": 592.822,
            "p(90)": 460.21979999999996,
            "p(95)": 466.8508,
            "avg": 285.05065000000013,
            "min": 23.591
        },
        "data_sent": {
            "count": 42792,
            "rate": 1411.3481135042882
        },
        "checks": {
            "passes": 40,
            "fails": 0,
            "value": 1
        },
        "http_req_connecting": {
            "avg": 5.5158499999999995,
            "min": 0,
            "med": 0,
            "max": 51.655,
            "p(90)": 36.54780000000001,
            "p(95)": 44.21965
        },
        "data_received": {
            "count": 11781111,
            "rate": 388559.7491314876
        }
    },
    "root_group": {
        "name": "",
        "path": "",
        "id": "d41d8cd98f00b204e9800998ecf8427e",
        "groups": {},
        "checks": {
                "resources home smoke returns 200": {
                    "name": "resources home smoke returns 200",
                    "path": "::resources home smoke returns 200",
                    "id": "fa88176ce25330ad655e7f0f5ff2ea14",
                    "passes": 40,
                    "fails": 0
                }
            }
    }
}