{
    "root_group": {
        "name": "",
        "path": "",
        "id": "d41d8cd98f00b204e9800998ecf8427e",
        "groups": {},
        "checks": {
                "resources home smoke returns 200": {
                    "name": "resources home smoke returns 200",
                    "path": "::resources home smoke returns 200",
                    "id": "fa88176ce25330ad655e7f0f5ff2ea14",
                    "passes": 38,
                    "fails": 0
                }
            }
    },
    "metrics": {
        "http_req_connecting": {
            "avg": 10.132052631578949,
            "min": 0,
            "med": 0,
            "max": 122.598,
            "p(90)": 49.8866,
            "p(95)": 71.23339999999996
        },
        "http_req_tls_handshaking": {
            "max": 248.243,
            "p(90)": 85.59730000000002,
            "p(95)": 109.37679999999997,
            "avg": 17.340105263157895,
            "min": 0,
            "med": 0
        },
        "http_req_receiving": {
            "max": 2613.277,
            "p(90)": 546.1018,
            "p(95)": 990.6090999999989,
            "avg": 429.38828947368427,
            "min": 90.227,
            "med": 340.0145
        },
        "http_req_duration": {
            "min": 448.652,
            "med": 715.7505,
            "max": 3309.248,
            "p(90)": 992.4367000000001,
            "p(95)": 1404.4847499999992,
            "avg": 829.9462368421053,
            "thresholds": {
                "p(95)<900": true
            }
        },
        "http_req_failed": {
            "passes": 0,
            "fails": 38,
            "thresholds": {
                "rate<0.01": false
            },
            "value": 0
        },
        "checks": {
            "passes": 38,
            "fails": 0,
            "value": 1
        },
        "vus_max": {
            "value": 5,
            "min": 5,
            "max": 5
        },
        "http_req_duration{expected_response:true}": {
            "avg": 829.9462368421053,
            "min": 448.652,
            "med": 715.7505,
            "max": 3309.248,
            "p(90)": 992.4367000000001,
            "p(95)": 1404.4847499999992
        },
        "iterations": {
            "count": 38,
            "rate": 1.222842990242421
        },
        "vus": {
            "value": 1,
            "min": 0,
            "max": 5
        },
        "data_sent": {
            "count": 36768,
            "rate": 1183.1971332956139
        },
        "data_received": {
            "count": 8979244,
            "rate": 288952.7785020083
        },
        "iteration_duration": {
            "min": 1449.222334,
            "med": 1722.420021,
            "max": 4310.713792,
            "p(90)": 2175.4143794,
            "p(95)": 2405.352593749999,
            "avg": 1858.6948991315787
        },
        "http_reqs": {
            "count": 38,
            "rate": 1.222842990242421
        },
        "http_req_waiting": {
            "min": 338.802,
            "med": 384.752,
            "max": 695.851,
            "p(90)": 437.38300000000004,
            "p(95)": 510.96099999999984,
            "avg": 400.4212368421054
        },
        "http_req_blocked": {
            "max": 374.452,
            "p(90)": 147.8676,
            "p(95)": 175.22664999999995,
            "avg": 27.5937894736842,
            "min": 0,
            "med": 0
        },
        "http_req_sending": {
            "min": 0.042,
            "med": 0.08,
            "max": 0.756,
            "p(90)": 0.2658000000000001,
            "p(95)": 0.5218499999999996,
            "avg": 0.13671052631578942
        }
    }
}