{
    "root_group": {
        "name": "",
        "path": "",
        "id": "d41d8cd98f00b204e9800998ecf8427e",
        "groups": {},
        "checks": {
                "resource detail smoke returns 200": {
                    "name": "resource detail smoke returns 200",
                    "path": "::resource detail smoke returns 200",
                    "id": "3f54e5561b29c11a39df67f2bd3d5b5b",
                    "passes": 42,
                    "fails": 0
                }
            }
    },
    "metrics": {
        "http_req_tls_handshaking": {
            "p(95)": 72.69754999999999,
            "avg": 9.196523809523809,
            "min": 0,
            "med": 0,
            "max": 90.162,
            "p(90)": 60.72660000000006
        },
        "checks": {
            "fails": 0,
            "passes": 42,
            "value": 1
        },
        "iterations": {
            "count": 42,
            "rate": 1.3311416825054039
        },
        "http_req_blocked": {
            "min": 0,
            "med": 0.001,
            "max": 142.935,
            "p(90)": 102.9799000000001,
            "p(95)": 126.67834999999998,
            "avg": 15.223642857142847
        },
        "http_req_waiting": {
            "p(90)": 392.1879,
            "p(95)": 409.82135,
            "avg": 381.56583333333333,
            "min": 331.924,
            "med": 361.076,
            "max": 1153.564
        },
        "http_reqs": {
            "count": 42,
            "rate": 1.3311416825054039
        },
        "http_req_receiving": {
            "min": 17.665,
            "med": 336.5955,
            "max": 551.061,
            "p(90)": 456.40770000000003,
            "p(95)": 469.3626,
            "avg": 288.9415714285715
        },
        "data_sent": {
            "count": 41089,
            "rate": 1302.26858553487
        },
        "http_req_duration": {
            "avg": 670.6150476190478,
            "min": 360.013,
            "med": 718.5015000000001,
            "max": 1447.951,
            "p(90)": 836.1928,
            "p(95)": 862.50775,
            "thresholds": {
                "p(95)<900": false
            }
        },
        "vus": {
            "value": 1,
            "min": 0,
            "max": 5
        },
        "vus_max": {
            "value": 5,
            "min": 5,
            "max": 5
        },
        "data_received": {
            "rate": 342055.99840491195,
            "count": 10792504
        },
        "http_req_failed": {
            "passes": 0,
            "fails": 42,
            "thresholds": {
                "rate<0.01": false
            },
            "value": 0
        },
        "http_req_duration{expected_response:true}": {
            "p(95)": 862.50775,
            "avg": 670.6150476190478,
            "min": 360.013,
            "med": 718.5015000000001,
            "max": 1447.951,
            "p(90)": 836.1928
        },
        "http_req_connecting": {
            "max": 56.919,
            "p(90)": 38.25810000000004,
            "p(95)": 47.88155,
            "avg": 5.89495238095238,
            "min": 0,
            "med": 0
        },
        "http_req_sending": {
            "med": 0.0815,
            "max": 0.346,
            "p(90)": 0.19880000000000003,
            "p(95)": 0.22275,
            "avg": 0.10764285714285714,
            "min": 0.024
        },
        "iteration_duration": {
            "avg": 1687.0291398809522,
            "min": 1360.859375,
            "med": 1739.2701459999998,
            "max": 2576.535708,
            "p(90)": 1904.9297202,
            "p(95)": 1938.00082915
        }
    }
}