{
    "root_group": {
        "name": "",
        "path": "",
        "id": "d41d8cd98f00b204e9800998ecf8427e",
        "groups": {},
        "checks": {
                "resource detail smoke returns 200": {
                    "fails": 0,
                    "name": "resource detail smoke returns 200",
                    "path": "::resource detail smoke returns 200",
                    "id": "3f54e5561b29c11a39df67f2bd3d5b5b",
                    "passes": 41
                }
            }
    },
    "metrics": {
        "vus_max": {
            "value": 5,
            "min": 5,
            "max": 5
        },
        "checks": {
            "passes": 41,
            "fails": 0,
            "value": 1
        },
        "http_req_blocked": {
            "min": 0,
            "med": 0,
            "max": 430.356,
            "p(90)": 139.453,
            "p(95)": 187.839,
            "avg": 27.132463414634135
        },
        "http_req_duration{expected_response:true}": {
            "avg": 663.4069756097562,
            "min": 486.237,
            "med": 660.719,
            "max": 863.824,
            "p(90)": 773.432,
            "p(95)": 831.454
        },
        "http_req_connecting": {
            "max": 307.306,
            "p(90)": 55.988,
            "p(95)": 75.189,
            "avg": 14.856170731707316,
            "min": 0,
            "med": 0
        },
        "vus": {
            "value": 1,
            "min": 0,
            "max": 5
        },
        "data_sent": {
            "count": 38579,
            "rate": 1236.4733187429117
        },
        "iteration_duration": {
            "p(90)": 1886.700209,
            "p(95)": 1944.914542,
            "avg": 1691.8589959268297,
            "min": 1487.458208,
            "med": 1661.945459,
            "max": 2275.328541
        },
        "http_req_failed": {
            "passes": 0,
            "fails": 41,
            "thresholds": {
                "rate<0.01": false
            },
            "value": 0
        },
        "http_req_duration": {
            "max": 863.824,
            "p(90)": 773.432,
            "p(95)": 831.454,
            "avg": 663.4069756097562,
            "min": 486.237,
            "med": 660.719,
            "thresholds": {
                "p(95)<900": false
            }
        },
        "http_reqs": {
            "count": 41,
            "rate": 1.3140673959527045
        },
        "http_req_sending": {
            "max": 0.247,
            "p(90)": 0.171,
            "p(95)": 0.215,
            "avg": 0.08599999999999998,
            "min": 0.019,
            "med": 0.066
        },
        "data_received": {
            "count": 9472849,
            "rate": 303608.82969958975
        },
        "iterations": {
            "count": 41,
            "rate": 1.3140673959527045
        },
        "http_req_waiting": {
            "max": 547.884,
            "p(90)": 420.222,
            "p(95)": 459.429,
            "avg": 388.33970731707325,
            "min": 332.289,
            "med": 378.943
        },
        "http_req_tls_handshaking": {
            "max": 131.776,
            "p(90)": 64.115,
            "p(95)": 99.58,
            "avg": 12.208926829268291,
            "min": 0,
            "med": 0
        },
        "http_req_receiving": {
            "avg": 274.981268292683,
            "min": 89.449,
            "med": 261.693,
            "max": 484.775,
            "p(90)": 408.61,
            "p(95)": 448.359
        }
    }
}